graph,row_idx,positives,n_nodes,pos_rate,label_mode
1AEI_A_000434,434,3,315,0.009523809523809525,field7_fixed
1AFA_1_000053,53,5,154,0.032467532467532464,field7_fixed
1AH5_A_000373,373,12,299,0.04013377926421405,field7_fixed
1AW1_A_000457,457,6,255,0.023529411764705882,field7_fixed
1B06_A_000809,809,4,208,0.019230769230769232,field7_fixed
1BP4_A_000112,112,7,212,0.0330188679245283,field7_fixed
1BZM_A_000736,736,3,260,0.011538461538461539,field7_fixed
1C0I_A_000224,224,31,363,0.08539944903581267,field7_fixed
1CE1_L_000013,13,5,211,0.023696682464454975,field7_fixed
1DXT_B_000562,562,12,147,0.08163265306122448,field7_fixed
1ECF_B_000601,601,11,500,0.022,field7_fixed
1EPV_A_000144,144,10,382,0.02617801047120419,field7_fixed
1F28_A_000638,638,10,295,0.03389830508474576,field7_fixed
1F35_A_000541,541,2,162,0.012345679012345678,field7_fixed
1F3B_A_000674,674,10,222,0.04504504504504504,field7_fixed
1FT9_A_000528,528,7,210,0.03333333333333333,field7_fixed
1FVP_A_000203,203,8,231,0.03463203463203463,field7_fixed
1FW1_A_000008,8,5,208,0.02403846153846154,field7_fixed
1GAQ_B_000485,485,7,98,0.07142857142857142,field7_fixed
1GWE_A_000808,808,17,498,0.03413654618473896,field7_fixed
1HE1_A_000625,625,4,135,0.02962962962962963,field7_fixed
1HLB_A_000303,303,10,157,0.06369426751592357,field7_fixed
1HTN_A_000498,498,5,156,0.03205128205128205,field7_fixed
1HVC_A_000633,633,0,5,0.0,field7_fixed
1HYG_A_000334,334,12,313,0.038338658146964855,field7_fixed
1I1A_C_000270,270,2,205,0.00975609756097561,field7_fixed
1IA7_A_000780,780,2,431,0.004640371229698376,field7_fixed
1IJ6_A_000572,572,5,305,0.01639344262295082,field7_fixed
1IRU_G_000387,387,5,245,0.02040816326530612,field7_fixed
1IS3_A_000115,115,3,134,0.022388059701492536,field7_fixed
1J04_A_000177,177,2,387,0.00516795865633075,field7_fixed
1J71_A_000272,272,5,334,0.014970059880239521,field7_fixed
1J78_B_000165,165,6,447,0.013422818791946308,field7_fixed
1JAY_A_000290,290,18,212,0.08490566037735849,field7_fixed
1JMJ_A_000154,154,2,397,0.005037783375314861,field7_fixed
1KMM_C_000374,374,16,387,0.041343669250646,field7_fixed
1KNM_A_000441,441,6,129,0.046511627906976744,field7_fixed
1LDN_A_000085,85,3,316,0.00949367088607595,field7_fixed
1LLC_A_000529,529,8,310,0.025806451612903226,field7_fixed
1LTL_E_000133,133,4,242,0.01652892561983471,field7_fixed
1M3U_A_000089,89,2,262,0.007633587786259542,field7_fixed
1M8T_A_000389,389,4,119,0.03361344537815126,field7_fixed
1MEC_2_000193,193,3,256,0.01171875,field7_fixed
1MJJ_B_000360,360,4,207,0.01932367149758454,field7_fixed
1N8P_A_000774,774,8,393,0.020356234096692113,field7_fixed
1NAS_A_000675,675,5,259,0.019305019305019305,field7_fixed
1ND6_B_000697,697,6,344,0.01744186046511628,field7_fixed
1NF3_A_000227,227,2,194,0.010309278350515464,field7_fixed
1NFG_A_000768,768,4,457,0.0087527352297593,field7_fixed
1NFP_A_000007,7,6,228,0.02631578947368421,field7_fixed
1NJR_A_000785,785,2,249,0.008032128514056224,field7_fixed
1NP7_A_000108,108,20,483,0.041407867494824016,field7_fixed
1NVT_A_000448,448,16,287,0.05574912891986063,field7_fixed
1NXJ_A_000271,271,3,156,0.019230769230769232,field7_fixed
1O26_B_000799,799,5,221,0.02262443438914027,field7_fixed
1OAH_B_000454,454,2,482,0.004149377593360996,field7_fixed
1P6X_A_000637,637,8,333,0.024024024024024024,field7_fixed
1Q4S_A_000025,25,4,142,0.028169014084507043,field7_fixed
1Q72_H_000103,103,4,212,0.018867924528301886,field7_fixed
1QGN_A_000815,815,9,398,0.022613065326633167,field7_fixed
1QJS_A_000229,229,14,408,0.03431372549019608,field7_fixed
1QS0_A_000313,313,3,407,0.007371007371007371,field7_fixed
1QWY_A_000711,711,4,234,0.017094017094017096,field7_fixed
1R3Q_A_000691,691,16,357,0.04481792717086835,field7_fixed
1SC6_D_000619,619,17,384,0.044270833333333336,field7_fixed
1TD2_A_000258,258,7,287,0.024390243902439025,field7_fixed
1TIQ_A_000475,475,14,173,0.08092485549132948,field7_fixed
1TU7_A_000099,99,7,208,0.03365384615384615,field7_fixed
1TUF_A_000523,523,4,434,0.009216589861751152,field7_fixed
1UA4_A_000811,811,6,454,0.013215859030837005,field7_fixed
1UC9_A_000304,304,7,240,0.029166666666666667,field7_fixed
1UED_A_000679,679,17,391,0.043478260869565216,field7_fixed
1V9A_B_000351,351,12,229,0.05240174672489083,field7_fixed
1VR0_C_000059,59,7,237,0.029535864978902954,field7_fixed
1W0C_A_000382,382,20,276,0.07246376811594203,field7_fixed
1W58_1_000746,746,16,337,0.04747774480712166,field7_fixed
1W9T_A_000186,186,5,134,0.03731343283582089,field7_fixed
1WKK_A_000616,616,6,137,0.043795620437956206,field7_fixed
1WMB_A_000627,627,3,260,0.011538461538461539,field7_fixed
1WRI_A_000023,23,6,93,0.06451612903225806,field7_fixed
1XCJ_A_000060,60,18,230,0.0782608695652174,field7_fixed
1XS5_A_000273,273,10,241,0.04149377593360996,field7_fixed
1XUQ_A_000661,661,4,200,0.02,field7_fixed
1Y9E_A_000577,577,3,329,0.00911854103343465,field7_fixed
1YCD_B_000400,400,6,238,0.025210084033613446,field7_fixed
1YDF_A_000002,2,3,255,0.011764705882352941,field7_fixed
1YWH_A_000106,106,14,268,0.05223880597014925,field7_fixed
1Z82_A_000652,652,16,312,0.05128205128205128,field7_fixed
1ZG3_A_000247,247,7,359,0.019498607242339833,field7_fixed
1ZMR_A_000403,403,2,386,0.0051813471502590676,field7_fixed
1ZOV_A_000825,825,25,381,0.06561679790026247,field7_fixed
2A81_A_000299,299,5,235,0.02127659574468085,field7_fixed
2AGD_A_000092,92,3,273,0.01098901098901099,field7_fixed
2AHR_E_000794,794,15,259,0.05791505791505792,field7_fixed
2AVN_A_000764,764,14,247,0.05668016194331984,field7_fixed
2AWN_B_000584,584,8,374,0.0213903743315508,field7_fixed
2B7Z_B_000803,803,8,99,0.08080808080808081,field7_fixed
2BCO_A_000030,30,3,338,0.008875739644970414,field7_fixed
2BKO_A_000262,262,3,190,0.015789473684210527,field7_fixed
2BTY_A_000029,29,10,283,0.0353356890459364,field7_fixed
2BZG_A_000544,544,12,230,0.05217391304347826,field7_fixed
2C5U_A_000141,141,13,375,0.034666666666666665,field7_fixed
2CHR_A_000393,393,3,370,0.008108108108108109,field7_fixed
2CLP_A_000473,473,22,323,0.06811145510835913,field7_fixed
2CM9_A_000064,64,10,146,0.0684931506849315,field7_fixed
2D00_B_000310,310,2,109,0.01834862385321101,field7_fixed
2D43_A_000732,732,5,482,0.01037344398340249,field7_fixed
2DBQ_A_000372,372,19,333,0.057057057057057055,field7_fixed
2DPD_B_000624,624,9,117,0.07692307692307693,field7_fixed
2DR1_A_000083,83,9,381,0.023622047244094488,field7_fixed
2DWU_B_000289,289,10,266,0.03759398496240601,field7_fixed
2ESR_B_000265,265,7,160,0.04375,field7_fixed
2F57_B_000676,676,10,300,0.03333333333333333,field7_fixed
2F6D_A_000782,782,2,492,0.0040650406504065045,field7_fixed
2GCD_A_000802,802,12,309,0.038834951456310676,field7_fixed
2H4Z_A_000180,180,12,255,0.047058823529411764,field7_fixed
2H7Y_A_000121,121,2,280,0.007142857142857143,field7_fixed
2HPV_A_000190,190,12,207,0.057971014492753624,field7_fixed
2HRL_A_000409,409,2,116,0.017241379310344827,field7_fixed
2I1O_A_000325,325,2,389,0.005141388174807198,field7_fixed
2I6A_A_000724,724,8,343,0.023323615160349854,field7_fixed
2IB8_D_000596,596,6,393,0.015267175572519083,field7_fixed
2IXP_C_000431,431,5,316,0.015822784810126583,field7_fixed
2J4K_C_000775,775,6,206,0.02912621359223301,field7_fixed
2J5T_D_000597,597,2,367,0.005449591280653951,field7_fixed
2J8D_M_000152,152,4,307,0.013029315960912053,field7_fixed
2JGB_A_000088,88,14,187,0.0748663101604278,field7_fixed
2JIH_B_000486,486,9,286,0.03146853146853147,field7_fixed
2JJX_A_000585,585,4,244,0.01639344262295082,field7_fixed
2JK8_A_000419,419,5,291,0.01718213058419244,field7_fixed
2NO0_A_000804,804,9,242,0.0371900826446281,field7_fixed
2NR9_A_000816,816,2,192,0.010416666666666666,field7_fixed
2NTV_A_000274,274,22,268,0.08208955223880597,field7_fixed
2O4C_A_000199,199,2,380,0.005263157894736842,field7_fixed
2O61_B_000236,236,5,314,0.01592356687898089,field7_fixed
2O99_C_000608,608,6,182,0.03296703296703297,field7_fixed
2OFD_A_000223,223,6,141,0.0425531914893617,field7_fixed
2OLP_A_000530,530,16,151,0.10596026490066225,field7_fixed
2OS3_A_000120,120,4,205,0.01951219512195122,field7_fixed
2Q3D_A_000309,309,16,306,0.05228758169934641,field7_fixed
2Q6V_A_000207,207,11,370,0.02972972972972973,field7_fixed
2Q9U_A_000615,615,15,409,0.03667481662591687,field7_fixed
2QES_A_000320,320,6,261,0.022988505747126436,field7_fixed
2QHA_A_000533,533,3,336,0.008928571428571428,field7_fixed
2QT6_A_000452,452,3,498,0.006024096385542169,field7_fixed
2R4H_C_000555,555,2,101,0.019801980198019802,field7_fixed
2UX8_A_000831,831,3,255,0.011764705882352941,field7_fixed
2VE3_A_000593,593,18,435,0.041379310344827586,field7_fixed
2VP1_A_000128,128,5,313,0.01597444089456869,field7_fixed
2WY4_A_000022,22,15,139,0.1079136690647482,field7_fixed
2WYO_C_000323,323,8,496,0.016129032258064516,field7_fixed
2X6T_G_000182,182,22,308,0.07142857142857142,field7_fixed
2XBK_A_000466,466,16,391,0.04092071611253197,field7_fixed
2XSR_A_000507,507,4,309,0.012944983818770227,field7_fixed
2Y43_A_000582,582,4,88,0.045454545454545456,field7_fixed
2YC2_A_000515,515,5,132,0.03787878787878788,field7_fixed
2YHX_A_000632,632,6,379,0.0158311345646438,field7_fixed
2YJZ_A_000427,427,16,174,0.09195402298850575,field7_fixed
2YOL_A_000132,132,12,212,0.05660377358490566,field7_fixed
2YQ5_C_000194,194,16,331,0.04833836858006042,field7_fixed
2YZV_A_000113,113,3,286,0.01048951048951049,field7_fixed
2ZTS_C_000655,655,8,226,0.035398230088495575,field7_fixed
3A06_B_000346,346,16,373,0.04289544235924933,field7_fixed
3A4Z_A_000491,491,20,402,0.04975124378109453,field7_fixed
3A5U_A_000049,49,12,118,0.1016949152542373,field7_fixed
3A8E_C_000082,82,2,159,0.012578616352201259,field7_fixed
3ABI_A_000316,316,6,349,0.017191977077363897,field7_fixed
3AJ4_A_000421,421,8,113,0.07079646017699115,field7_fixed
3ASV_A_000481,481,19,248,0.07661290322580645,field7_fixed
3B7P_A_000653,653,14,281,0.0498220640569395,field7_fixed
3BL6_A_000063,63,9,230,0.0391304347826087,field7_fixed
3BSS_A_000038,38,8,194,0.041237113402061855,field7_fixed
3CLV_A_000185,185,16,175,0.09142857142857143,field7_fixed
3CVZ_A_000814,814,4,249,0.01606425702811245,field7_fixed
3D64_A_000024,24,12,462,0.025974025974025976,field7_fixed
3DDD_A_000456,456,16,281,0.05693950177935943,field7_fixed
3DDL_A_000550,550,9,252,0.03571428571428571,field7_fixed
3DGV_A_000715,715,3,305,0.009836065573770493,field7_fixed
3DTF_A_000750,750,4,363,0.011019283746556474,field7_fixed
3DWF_B_000517,517,21,275,0.07636363636363637,field7_fixed
3DWP_C_000288,288,6,120,0.05,field7_fixed
3E2Y_A_000388,388,4,411,0.009732360097323601,field7_fixed
3E5Z_A_000041,41,4,290,0.013793103448275862,field7_fixed
3ELV_A_000407,407,3,145,0.020689655172413793,field7_fixed
3ENK_A_000826,826,22,340,0.06470588235294118,field7_fixed
3EOF_A_000269,269,10,248,0.04032258064516129,field7_fixed
3EVK_A_000644,644,4,211,0.018957345971563982,field7_fixed
3FM7_B_000733,733,2,104,0.019230769230769232,field7_fixed
3FMT_A_000458,458,8,162,0.04938271604938271,field7_fixed
3GDH_A_000028,28,11,212,0.05188679245283019,field7_fixed
3GLB_D_000402,402,6,219,0.0273972602739726,field7_fixed
3GON_A_000318,318,10,329,0.030395136778115502,field7_fixed
3GUH_A_000511,511,12,477,0.025157232704402517,field7_fixed
3H86_B_000631,631,18,191,0.09424083769633508,field7_fixed
3HN8_A_000828,828,5,279,0.017921146953405017,field7_fixed
3HZL_A_000339,339,21,394,0.0532994923857868,field7_fixed
3IDC_B_000543,543,3,159,0.018867924528301886,field7_fixed
3IJD_A_000786,786,9,286,0.03146853146853147,field7_fixed
3JRX_A_000662,662,10,496,0.020161290322580645,field7_fixed
3K4Z_A_000455,455,4,275,0.014545454545454545,field7_fixed
3KB1_A_000169,169,9,243,0.037037037037037035,field7_fixed
3KDS_E_000006,6,3,427,0.00702576112412178,field7_fixed
3KT8_D_000306,306,10,410,0.024390243902439025,field7_fixed
3KYG_A_000225,225,5,227,0.022026431718061675,field7_fixed
3LCU_A_000416,416,14,261,0.05363984674329502,field7_fixed
3LQU_A_000564,564,7,205,0.03414634146341464,field7_fixed
3MB5_A_000328,328,14,255,0.054901960784313725,field7_fixed
3MDY_A_000196,196,10,320,0.03125,field7_fixed
3MEB_A_000665,665,11,426,0.025821596244131457,field7_fixed
3MHH_E_000079,79,3,92,0.03260869565217391,field7_fixed
3MY0_N_000332,332,8,300,0.02666666666666667,field7_fixed
3N1E_B_000677,677,2,141,0.014184397163120567,field7_fixed
3N33_A_000656,656,3,367,0.008174386920980926,field7_fixed
3N37_A_000648,648,5,284,0.017605633802816902,field7_fixed
3NGB_C_000650,650,3,210,0.014285714285714285,field7_fixed
3NQW_A_000545,545,4,178,0.02247191011235955,field7_fixed
3OEK_A_000312,312,7,271,0.025830258302583026,field7_fixed
3OID_B_000557,557,6,251,0.02390438247011952,field7_fixed
3OR2_C_000812,812,2,104,0.019230769230769232,field7_fixed
3P32_A_000709,709,10,306,0.032679738562091505,field7_fixed
3P8V_A_000728,728,8,295,0.02711864406779661,field7_fixed
3PFI_A_000245,245,15,301,0.04983388704318937,field7_fixed
3PSE_A_000405,405,5,164,0.03048780487804878,field7_fixed
3PUO_A_000240,240,5,294,0.017006802721088437,field7_fixed
3Q45_A_000174,174,3,369,0.008130081300813009,field7_fixed
3Q8X_D_000791,791,10,271,0.03690036900369004,field7_fixed
3QV9_B_000687,687,6,394,0.015228426395939087,field7_fixed
3QVQ_A_000758,758,6,251,0.02390438247011952,field7_fixed
3QVS_A_000257,257,4,392,0.01020408163265306,field7_fixed
3R6K_A_000021,21,3,301,0.009966777408637873,field7_fixed
3R7K_A_000425,425,10,378,0.026455026455026454,field7_fixed
3RA7_H_000148,148,4,225,0.017777777777777778,field7_fixed
3RBH_D_000037,37,2,410,0.004878048780487805,field7_fixed
3RC1_A_000698,698,2,325,0.006153846153846154,field7_fixed
3RDK_B_000686,686,2,334,0.005988023952095809,field7_fixed
3RPD_A_000219,219,3,346,0.008670520231213872,field7_fixed
3SEF_C_000333,333,5,244,0.020491803278688523,field7_fixed
3SJU_A_000592,592,20,255,0.0784313725490196,field7_fixed
3T1R_C_000321,321,2,136,0.014705882352941176,field7_fixed
3TU6_A_000027,27,4,127,0.031496062992125984,field7_fixed
3U52_F_000295,295,3,118,0.025423728813559324,field7_fixed
3U5O_C_000003,3,15,195,0.07692307692307693,field7_fixed
3U5Z_B_000042,42,4,320,0.0125,field7_fixed
3UBM_B_000654,654,14,430,0.03255813953488372,field7_fixed
3UT1_A_000537,537,2,313,0.006389776357827476,field7_fixed
3UVA_C_000482,482,5,405,0.012345679012345678,field7_fixed
3V2Y_A_000070,70,9,455,0.01978021978021978,field7_fixed
3VKB_B_000707,707,3,254,0.011811023622047244,field7_fixed
3W77_A_000153,153,15,207,0.07246376811594203,field7_fixed
3WB2_A_000364,364,4,160,0.025,field7_fixed
3WHK_A_000287,287,12,248,0.04838709677419355,field7_fixed
3ZG8_B_000657,657,8,458,0.017467248908296942,field7_fixed
4A0U_B_000068,68,2,186,0.010752688172043012,field7_fixed
4ABT_A_000726,726,13,286,0.045454545454545456,field7_fixed
4AC9_C_000297,297,11,471,0.02335456475583864,field7_fixed
4AQI_A_000445,445,5,96,0.052083333333333336,field7_fixed
4AZE_A_000172,172,7,350,0.02,field7_fixed
4B79_A_000000,0,19,236,0.08050847457627118,field7_fixed
4BLO_L_000344,344,2,275,0.007272727272727273,field7_fixed
4BMV_C_000050,50,22,258,0.08527131782945736,field7_fixed
4BO4_C_000522,522,5,255,0.0196078431372549,field7_fixed
4BQN_A_000357,357,13,311,0.04180064308681672,field7_fixed
4BZP_A_000747,747,10,173,0.057803468208092484,field7_fixed
4CG4_C_000722,722,6,376,0.015957446808510637,field7_fixed
4DF1_A_000635,635,9,199,0.04522613065326633,field7_fixed
4DXL_A_000294,294,6,304,0.019736842105263157,field7_fixed
4EHT_A_000822,822,3,268,0.011194029850746268,field7_fixed
4EPP_A_000413,413,15,439,0.03416856492027335,field7_fixed
4EVI_A_000009,9,10,361,0.027700831024930747,field7_fixed
4F6O_A_000345,345,5,268,0.018656716417910446,field7_fixed
4F9G_A_000488,488,3,170,0.01764705882352941,field7_fixed
4FHA_A_000045,45,6,308,0.01948051948051948,field7_fixed
4FOK_A_000801,801,11,264,0.041666666666666664,field7_fixed
4FRX_B_000362,362,2,400,0.005,field7_fixed
4FU4_A_000246,246,20,368,0.05434782608695652,field7_fixed
4G4J_A_000595,595,7,369,0.018970189701897018,field7_fixed
4GEY_A_000352,352,5,420,0.011904761904761904,field7_fixed
4GQN_B_000308,308,2,205,0.00975609756097561,field7_fixed
4GXG_A_000706,706,11,209,0.05263157894736842,field7_fixed
4H5F_A_000370,370,12,241,0.04979253112033195,field7_fixed
4HCT_A_000410,410,15,265,0.05660377358490566,field7_fixed
4HFM_A_000439,439,22,333,0.06606606606606606,field7_fixed
4HHD_A_000095,95,15,152,0.09868421052631579,field7_fixed
4HTG_A_000708,708,16,302,0.052980132450331126,field7_fixed
4I94_A_000620,620,13,297,0.04377104377104377,field7_fixed
4IG7_A_000685,685,7,231,0.030303030303030304,field7_fixed
4IZT_A_000558,558,3,263,0.011406844106463879,field7_fixed
4J5I_B_000046,46,3,285,0.010526315789473684,field7_fixed
4JD0_A_000184,184,8,245,0.0326530612244898,field7_fixed
4K26_A_000611,611,9,265,0.033962264150943396,field7_fixed
4K9D_A_000293,293,13,338,0.038461538461538464,field7_fixed
4L9D_B_000643,643,3,81,0.037037037037037035,field7_fixed
4LCK_A_000779,779,9,81,0.1111111111111111,field7_fixed
4LFL_B_000534,534,9,172,0.05232558139534884,field7_fixed
4LMS_A_000623,623,11,80,0.1375,field7_fixed
4LRT_B_000423,423,14,295,0.04745762711864407,field7_fixed
4LS9_A_000778,778,4,319,0.012539184952978056,field7_fixed
4MF3_A_000443,443,10,258,0.03875968992248062,field7_fixed
4MOC_A_000501,501,14,273,0.05128205128205128,field7_fixed
4MVF_A_000512,512,12,408,0.029411764705882353,field7_fixed
4MYP_A_000754,754,10,121,0.08264462809917356,field7_fixed
4N58_A_000571,571,7,266,0.02631578947368421,field7_fixed
4N5I_X_000277,277,8,311,0.02572347266881029,field7_fixed
4N73_A_000542,542,16,198,0.08080808080808081,field7_fixed
4NAO_A_000292,292,6,282,0.02127659574468085,field7_fixed
4NBI_A_000820,820,8,163,0.049079754601226995,field7_fixed
4NK2_A_000735,735,12,164,0.07317073170731707,field7_fixed
4NRS_B_000702,702,6,415,0.014457831325301205,field7_fixed
4NV7_B_000097,97,11,270,0.040740740740740744,field7_fixed
4O6Z_A_000776,776,9,448,0.020089285714285716,field7_fixed
4OXX_A_000279,279,15,153,0.09803921568627451,field7_fixed
4PDD_A_000798,798,9,303,0.0297029702970297,field7_fixed
4PR3_A_000524,524,7,205,0.03414634146341464,field7_fixed
4Q3V_C_000567,567,4,340,0.011764705882352941,field7_fixed
4Q5F_D_000178,178,8,206,0.038834951456310676,field7_fixed
4QDF_B_000705,705,3,357,0.008403361344537815,field7_fixed
4QN3_A_000833,833,4,390,0.010256410256410256,field7_fixed
4QNW_A_000591,591,12,369,0.032520325203252036,field7_fixed
4QOX_A_000688,688,4,462,0.008658008658008658,field7_fixed
4QQQ_A_000556,556,3,483,0.006211180124223602,field7_fixed
4RDQ_A_000150,150,2,366,0.00546448087431694,field7_fixed
4REP_A_000255,255,18,489,0.03680981595092025,field7_fixed
4RK1_D_000449,449,10,269,0.03717472118959108,field7_fixed
4RLZ_B_000451,451,6,307,0.019543973941368076,field7_fixed
4RNU_C_000098,98,13,385,0.033766233766233764,field7_fixed
4RXL_A_000395,395,10,229,0.043668122270742356,field7_fixed
4RXM_A_000748,748,9,291,0.030927835051546393,field7_fixed
4SBV_C_000617,617,3,222,0.013513513513513514,field7_fixed
4TWL_A_000065,65,9,239,0.03765690376569038,field7_fixed
4U0V_A_000551,551,12,243,0.04938271604938271,field7_fixed
4UEU_A_000693,693,5,256,0.01953125,field7_fixed
4WWC_A_000175,175,6,213,0.028169014084507043,field7_fixed
4XBR_A_000137,137,13,316,0.04113924050632911,field7_fixed
4XGI_A_000629,629,15,416,0.036057692307692304,field7_fixed
4XHV_A_000284,284,9,94,0.09574468085106383,field7_fixed
4XLW_C_000510,510,3,118,0.025423728813559324,field7_fixed
4XOQ_A_000692,692,5,204,0.024509803921568627,field7_fixed
4XSC_B_000579,579,2,284,0.007042253521126761,field7_fixed
4Y4V_A_000123,123,5,316,0.015822784810126583,field7_fixed
4YR9_A_000713,713,19,308,0.06168831168831169,field7_fixed
4YSN_C_000495,495,9,448,0.020089285714285716,field7_fixed
4YZ9_A_000251,251,10,381,0.026246719160104987,field7_fixed
4YZG_A_000201,201,2,294,0.006802721088435374,field7_fixed
4Z3G_A_000259,259,4,198,0.020202020202020204,field7_fixed
4Z9N_B_000039,39,16,324,0.04938271604938271,field7_fixed
4ZBY_A_000659,659,7,194,0.03608247422680412,field7_fixed
4ZDR_A_000547,547,2,243,0.00823045267489712,field7_fixed
4ZLA_A_000712,712,4,485,0.008247422680412371,field7_fixed
4ZN3_A_000538,538,2,147,0.013605442176870748,field7_fixed
4ZVF_A_000032,32,12,164,0.07317073170731707,field7_fixed
5A07_A_000757,757,12,395,0.030379746835443037,field7_fixed
5A0Y_F_000335,335,8,248,0.03225806451612903,field7_fixed
5A24_A_000581,581,7,222,0.03153153153153153,field7_fixed
5A3L_A_000836,836,5,209,0.023923444976076555,field7_fixed
5A9G_A_000678,678,4,206,0.019417475728155338,field7_fixed
5AHJ_Z_000198,198,2,222,0.009009009009009009,field7_fixed
5AUK_A_000055,55,8,96,0.08333333333333333,field7_fixed
5AVP_A_000131,131,5,240,0.020833333333333332,field7_fixed
5AWM_A_000054,54,11,345,0.03188405797101449,field7_fixed
5AWV_B_000741,741,5,498,0.010040160642570281,field7_fixed
5B6E_A_000125,125,9,319,0.02821316614420063,field7_fixed
5BSZ_A_000073,73,12,248,0.04838709677419355,field7_fixed
5BXY_A_000459,459,12,156,0.07692307692307693,field7_fixed
5C22_B_000072,72,2,267,0.00749063670411985,field7_fixed
5CET_A_000244,244,4,328,0.012195121951219513,field7_fixed
5CFL_A_000797,797,5,187,0.026737967914438502,field7_fixed
5CXY_A_000418,418,15,292,0.05136986301369863,field7_fixed
5D7L_C_000336,336,8,242,0.03305785123966942,field7_fixed
5DIN_B_000230,230,4,124,0.03225806451612903,field7_fixed
5DX9_A_000762,762,5,307,0.016286644951140065,field7_fixed
5E8J_A_000176,176,8,311,0.02572347266881029,field7_fixed
5EDL_A_000668,668,9,197,0.04568527918781726,field7_fixed
5EMI_A_000080,80,3,180,0.016666666666666666,field7_fixed
5EP3_A_000494,494,8,253,0.03162055335968379,field7_fixed
5EPO_A_000606,606,20,261,0.07662835249042145,field7_fixed
5EQC_A_000005,5,3,426,0.007042253521126761,field7_fixed
5EWX_B_000640,640,6,214,0.028037383177570093,field7_fixed
5F93_B_000086,86,2,426,0.004694835680751174,field7_fixed
5FGP_A_000509,509,11,144,0.0763888888888889,field7_fixed
5FKA_C_000260,260,3,221,0.013574660633484163,field7_fixed
5FUB_A_000772,772,13,338,0.038461538461538464,field7_fixed
5G4B_A_000415,415,4,152,0.02631578947368421,field7_fixed
5GJU_A_000680,680,7,199,0.035175879396984924,field7_fixed
5GM2_B_000263,263,3,283,0.01060070671378092,field7_fixed
5GVX_A_000766,766,3,386,0.007772020725388601,field7_fixed
5H20_A_000660,660,5,103,0.04854368932038835,field7_fixed
5H68_B_000189,189,6,332,0.018072289156626505,field7_fixed
5H70_B_000621,621,9,207,0.043478260869565216,field7_fixed
5HCF_B_000254,254,4,263,0.015209125475285171,field7_fixed
5HQM_A_000682,682,14,459,0.030501089324618737,field7_fixed
5IBY_A_000163,163,9,321,0.028037383177570093,field7_fixed
5IFU_B_000578,578,5,445,0.011235955056179775,field7_fixed
5IJG_B_000603,603,7,403,0.017369727047146403,field7_fixed
5IOO_A_000367,367,2,209,0.009569377990430622,field7_fixed
5IPX_A_000771,771,2,282,0.0070921985815602835,field7_fixed
5IZC_C_000211,211,18,241,0.07468879668049792,field7_fixed
5IZK_B_000472,472,10,451,0.022172949002217297,field7_fixed
5J62_B_000392,392,4,209,0.019138755980861243,field7_fixed
5KBK_A_000220,220,3,157,0.01910828025477707,field7_fixed
5KEJ_A_000143,143,6,222,0.02702702702702703,field7_fixed
5KF2_A_000347,347,8,317,0.025236593059936908,field7_fixed
5KH0_A_000015,15,8,363,0.02203856749311295,field7_fixed
5KS8_F_000540,540,5,482,0.01037344398340249,field7_fixed
5KTL_A_000790,790,2,295,0.006779661016949152,field7_fixed
5KYO_A_000500,500,15,394,0.03807106598984772,field7_fixed
5LNX_D_000291,291,9,374,0.02406417112299465,field7_fixed
5LTH_A_000560,560,12,334,0.03592814371257485,field7_fixed
5MIL_A_000353,353,8,157,0.050955414012738856,field7_fixed
5MRC_T_000805,805,24,216,0.1111111111111111,field7_fixed
5MZY_B_000140,140,5,244,0.020491803278688523,field7_fixed
5NAF_A_000187,187,9,352,0.02556818181818182,field7_fixed
5NM7_G_000737,737,5,263,0.019011406844106463,field7_fixed
5NMX_D_000179,179,16,409,0.039119804400977995,field7_fixed
5NRF_A_000433,433,13,377,0.034482758620689655,field7_fixed
5NRG_N_000043,43,54,116,0.46551724137931033,field7_fixed
5NRR_A_000437,437,5,135,0.037037037037037035,field7_fixed
5OEU_C_000337,337,3,412,0.007281553398058253,field7_fixed
5QGG_A_000506,506,4,186,0.021505376344086023,field7_fixed
5QOH_A_000397,397,3,149,0.020134228187919462,field7_fixed
5TAO_A_000017,17,6,356,0.016853932584269662,field7_fixed
5TBD_A_000800,800,9,114,0.07894736842105263,field7_fixed
5TEJ_A_000767,767,12,269,0.04460966542750929,field7_fixed
5TGQ_A_000130,130,3,226,0.01327433628318584,field7_fixed
5U7X_F_000249,249,3,412,0.007281553398058253,field7_fixed
5UGH_B_000588,588,5,365,0.0136986301369863,field7_fixed
5UIN_A_000126,126,9,399,0.022556390977443608,field7_fixed
5V0F_A_000396,396,5,119,0.04201680672268908,field7_fixed
5V4R_A_000266,266,3,152,0.019736842105263157,field7_fixed
5VJP_B_000447,447,8,179,0.0446927374301676,field7_fixed
5VKW_B_000076,76,2,469,0.0042643923240938165,field7_fixed
5VL2_B_000646,646,13,126,0.10317460317460317,field7_fixed
5W5R_A_000210,210,3,415,0.007228915662650603,field7_fixed
5W99_A_000114,114,15,319,0.047021943573667714,field7_fixed
5X5M_A_000781,781,13,205,0.06341463414634146,field7_fixed
5X7J_B_000569,569,3,197,0.015228426395939087,field7_fixed
5X7M_A_000171,171,9,443,0.020316027088036117,field7_fixed
5XE9_B_000460,460,6,122,0.04918032786885246,field7_fixed
5XNL_4_000590,590,2,197,0.01015228426395939,field7_fixed
5XRS_G_000248,248,5,321,0.01557632398753894,field7_fixed
5XUH_C_000278,278,4,125,0.032,field7_fixed
5XVS_B_000827,827,11,366,0.030054644808743168,field7_fixed
5XY3_L_000830,830,46,185,0.24864864864864866,field7_fixed
5XY3_O_000159,159,54,196,0.2755102040816326,field7_fixed
5Y2V_A_000499,499,2,304,0.006578947368421052,field7_fixed
5Y8I_A_000609,609,4,292,0.0136986301369863,field7_fixed
5YBI_B_000111,111,3,345,0.008695652173913044,field7_fixed
5YQ0_C_000124,124,2,304,0.006578947368421052,field7_fixed
5YSW_A_000574,574,16,374,0.0427807486631016,field7_fixed
5Z6E_A_000430,430,4,90,0.044444444444444446,field7_fixed
5Z75_A_000253,253,21,306,0.06862745098039216,field7_fixed
5ZBF_A_000793,793,6,210,0.02857142857142857,field7_fixed
5ZJI_F_000639,639,3,158,0.0189873417721519,field7_fixed
5ZJI_H_000090,90,2,95,0.021052631578947368,field7_fixed
5ZXD_A_000110,110,6,464,0.01293103448275862,field7_fixed
5ZZ7_A_000109,109,13,206,0.06310679611650485,field7_fixed
6A4D_A_000613,613,7,184,0.03804347826086957,field7_fixed
6A56_A_000583,583,6,164,0.036585365853658534,field7_fixed
6A6E_A_000363,363,9,422,0.02132701421800948,field7_fixed
6AGG_Z_000824,824,15,420,0.03571428571428571,field7_fixed
6AH9_A_000200,200,17,260,0.06538461538461539,field7_fixed
6AKZ_A_000401,401,3,451,0.0066518847006651885,field7_fixed
6AQE_B_000474,474,5,266,0.018796992481203006,field7_fixed
6AQH_B_000710,710,9,491,0.018329938900203666,field7_fixed
6B51_A_000432,432,13,246,0.052845528455284556,field7_fixed
6BF4_C_000789,789,2,213,0.009389671361502348,field7_fixed
6BFF_A_000376,376,2,178,0.011235955056179775,field7_fixed
6BHD_A_000216,216,19,217,0.08755760368663594,field7_fixed
6BJB_A_000192,192,18,384,0.046875,field7_fixed
6BLJ_B_000516,516,10,435,0.022988505747126436,field7_fixed
6BSU_A_000404,404,3,337,0.008902077151335312,field7_fixed
6BWH_A_000016,16,6,207,0.028985507246376812,field7_fixed
6CBQ_A_000399,399,13,234,0.05555555555555555,field7_fixed
6CCK_B_000391,391,11,160,0.06875,field7_fixed
6CER_D_000071,71,4,331,0.012084592145015106,field7_fixed
6CIA_A_000813,813,23,284,0.08098591549295775,field7_fixed
6CK0_B_000160,160,25,210,0.11904761904761904,field7_fixed
6CNH_A_000520,520,16,321,0.04984423676012461,field7_fixed
6CQ6_B_000204,204,6,282,0.02127659574468085,field7_fixed
6CYP_A_000497,497,4,211,0.018957345971563982,field7_fixed
6D0J_C_000429,429,4,90,0.044444444444444446,field7_fixed
6D4K_A_000566,566,2,238,0.008403361344537815,field7_fixed
6D9Y_B_000031,31,17,251,0.06772908366533864,field7_fixed
6DBJ_D_000390,390,3,352,0.008522727272727272,field7_fixed
6DRE_A_000823,823,5,365,0.0136986301369863,field7_fixed
6DZI_Y_000354,354,22,103,0.21359223300970873,field7_fixed
6E0L_A_000385,385,7,292,0.023972602739726026,field7_fixed
6E1C_A_000725,725,20,350,0.05714285714285714,field7_fixed
6EAS_A_000756,756,10,263,0.03802281368821293,field7_fixed
6EL3_A_000612,612,20,364,0.054945054945054944,field7_fixed
6FNU_A_000235,235,16,296,0.05405405405405406,field7_fixed
6FOF_A_000205,205,3,153,0.0196078431372549,field7_fixed
6FWH_A_000366,366,3,196,0.015306122448979591,field7_fixed
6FYJ_A_000784,784,18,417,0.04316546762589928,field7_fixed
6G59_A_000018,18,9,387,0.023255813953488372,field7_fixed
6G5Q_B_000663,663,3,381,0.007874015748031496,field7_fixed
6GAW_Bi_000322,322,14,260,0.05384615384615385,field7_fixed
6GEH_A_000821,821,6,256,0.0234375,field7_fixed
6GIB_B_000773,773,2,237,0.008438818565400843,field7_fixed
6GL0_A_000469,469,7,331,0.021148036253776436,field7_fixed
6H6C_A_000136,136,12,151,0.07947019867549669,field7_fixed
6H70_A_000493,493,4,290,0.013793103448275862,field7_fixed
6HBE_C_000066,66,3,427,0.00702576112412178,field7_fixed
6HDE_B_000217,217,6,152,0.039473684210526314,field7_fixed
6HHB_A_000371,371,2,345,0.005797101449275362,field7_fixed
6HQD_C_000075,75,15,415,0.03614457831325301,field7_fixed
6IL3_A_000602,602,8,310,0.025806451612903226,field7_fixed
6INH_A_000549,549,11,450,0.024444444444444446,field7_fixed
6IWO_A_000436,436,5,92,0.05434782608695652,field7_fixed
6IX6_A_000502,502,3,196,0.015306122448979591,field7_fixed
6J5T_I_000689,689,2,195,0.010256410256410256,field7_fixed
6JDY_A_000319,319,7,319,0.0219435736677116,field7_fixed
6JIX_A_000718,718,2,448,0.004464285714285714,field7_fixed
6JKR_E_000276,276,9,308,0.02922077922077922,field7_fixed
6JLY_G_000462,462,3,363,0.008264462809917356,field7_fixed
6JTK_B_000651,651,5,346,0.014450867052023121,field7_fixed
6K41_R_000446,446,11,243,0.04526748971193416,field7_fixed
6K8P_A_000723,723,3,294,0.01020408163265306,field7_fixed
6KBS_B_000444,444,19,227,0.08370044052863436,field7_fixed
6KJV_B_000281,281,6,424,0.014150943396226415,field7_fixed
6KLS_C_000442,442,3,236,0.012711864406779662,field7_fixed
6KOJ_B_000744,744,2,128,0.015625,field7_fixed
6KOP_F_000183,183,10,159,0.06289308176100629,field7_fixed
6LCE_A_000212,212,3,407,0.007371007371007371,field7_fixed
6LJJ_A_000787,787,6,150,0.04,field7_fixed
6LJQ_A_000806,806,2,140,0.014285714285714285,field7_fixed
6LOE_D_000340,340,2,174,0.011494252873563218,field7_fixed
6LPW_B_000069,69,9,436,0.020642201834862386,field7_fixed
6MGB_A_000047,47,12,321,0.037383177570093455,field7_fixed
6MHM_B_000181,181,4,253,0.015810276679841896,field7_fixed
6MJG_A_000168,168,17,387,0.04392764857881137,field7_fixed
6N8J_m_000342,342,50,378,0.13227513227513227,field7_fixed
6NJ4_A_000476,476,3,265,0.011320754716981131,field7_fixed
6O7Y_A_000134,134,14,183,0.07650273224043716,field7_fixed
6OB6_B_000208,208,11,357,0.03081232492997199,field7_fixed
6ON3_B_000594,594,2,149,0.013422818791946308,field7_fixed
6P4E_B_000699,699,7,217,0.03225806451612903,field7_fixed
6P7B_A_000819,819,3,149,0.020134228187919462,field7_fixed
6P9E_A_000414,414,6,148,0.04054054054054054,field7_fixed
6Q9V_B_000324,324,4,145,0.027586206896551724,field7_fixed
6QHE_A_000696,696,19,261,0.07279693486590039,field7_fixed
6QXN_A_000626,626,7,376,0.018617021276595744,field7_fixed
6R1X_C_000546,546,4,84,0.047619047619047616,field7_fixed
6R2V_C_000714,714,4,95,0.042105263157894736,field7_fixed
6R79_A_000188,188,2,226,0.008849557522123894,field7_fixed
6RFR_C_000369,369,2,438,0.0045662100456621,field7_fixed
6RIQ_C_000468,468,11,254,0.04330708661417323,field7_fixed
6RK0_A_000683,683,5,214,0.02336448598130841,field7_fixed
6S5M_A_000094,94,5,306,0.016339869281045753,field7_fixed
6S6B_D_000531,531,25,285,0.08771929824561403,field7_fixed
6S9W_A_000716,716,10,411,0.024330900243309004,field7_fixed
6T62_A_000739,739,21,244,0.0860655737704918,field7_fixed
6T74_B_000483,483,16,141,0.11347517730496454,field7_fixed
6TU9_A_000135,135,11,267,0.04119850187265917,field7_fixed
6TUG_B_000081,81,3,415,0.007228915662650603,field7_fixed
6UAR_A_000464,464,3,241,0.012448132780082987,field7_fixed
6UK3_A_000358,358,16,475,0.03368421052631579,field7_fixed
6UT5_A_000672,672,9,395,0.02278481012658228,field7_fixed
6V0Q_A_000261,261,5,119,0.04201680672268908,field7_fixed
6V7Z_F_000586,586,2,117,0.017094017094017096,field7_fixed
6VFN_A_000513,513,5,167,0.029940119760479042,field7_fixed
6VPH_A_000406,406,10,284,0.035211267605633804,field7_fixed
6VTU_H_000666,666,3,209,0.014354066985645933,field7_fixed
6VZY_A_000242,242,4,464,0.008620689655172414,field7_fixed
6W00_L_000503,503,4,214,0.018691588785046728,field7_fixed
6W32_B_000228,228,19,288,0.06597222222222222,field7_fixed
6WI4_B_000307,307,6,233,0.02575107296137339,field7_fixed
6WXP_F_000311,311,2,144,0.013888888888888888,field7_fixed
6X15_A_000490,490,5,420,0.011904761904761904,field7_fixed
6XNV_A_000563,563,8,133,0.06015037593984962,field7_fixed
6Y0S_AAA_000315,315,4,251,0.01593625498007968,field7_fixed
6Y4D_A_000300,300,19,257,0.07392996108949416,field7_fixed
6Y6N_A_000173,173,3,116,0.02586206896551724,field7_fixed
6Y7F_B_000118,118,29,256,0.11328125,field7_fixed
6Y7P_A_000428,428,3,319,0.009404388714733543,field7_fixed
6YDP_Bq_000763,763,10,85,0.11764705882352941,field7_fixed
6YII_A_000420,420,12,473,0.02536997885835095,field7_fixed
6YNX_L_000361,361,2,246,0.008130081300813009,field7_fixed
6YNX_k_000440,440,2,179,0.0111731843575419,field7_fixed
6Z4W_A_000010,10,8,230,0.034782608695652174,field7_fixed
6ZHI_B_000573,573,10,222,0.04504504504504504,field7_fixed
6ZWK_F_000264,264,7,117,0.05982905982905983,field7_fixed
6ZZX_2_000487,487,11,215,0.05116279069767442,field7_fixed
7A6Q_A_000061,61,12,489,0.024539877300613498,field7_fixed
7AKG_A_000536,536,11,293,0.03754266211604096,field7_fixed
7ALC_I_000777,777,3,86,0.03488372093023256,field7_fixed
7AQW_p_000040,40,2,93,0.021505376344086023,field7_fixed
7ARC_D_000719,719,2,395,0.005063291139240506,field7_fixed
7AWM_A_000664,664,10,413,0.024213075060532687,field7_fixed
7AZN_A_000051,51,9,177,0.05084745762711865,field7_fixed
7B1S_C_000001,1,8,265,0.03018867924528302,field7_fixed
7BEP_B_000162,162,0,218,0.0,empty_field7
7BKB_E_000424,424,5,411,0.012165450121654502,field7_fixed
7BMK_A_000649,649,11,406,0.027093596059113302,field7_fixed
7BTJ_C_000753,753,10,435,0.022988505747126436,field7_fixed
7BU0_A_000667,667,5,407,0.012285012285012284,field7_fixed
7C1S_A_000127,127,17,433,0.03926096997690531,field7_fixed
7CBS_F_000209,209,2,104,0.019230769230769232,field7_fixed
7CQM_A_000467,467,2,200,0.01,field7_fixed
7CTV_A_000641,641,12,299,0.04013377926421405,field7_fixed
7CX2_R_000317,317,9,266,0.03383458646616541,field7_fixed
7CXU_B_000740,740,13,327,0.039755351681957186,field7_fixed
7D0J_S_000752,752,2,233,0.008583690987124463,field7_fixed
7D2M_B_000568,568,4,112,0.03571428571428571,field7_fixed
7D76_R_000359,359,4,265,0.01509433962264151,field7_fixed
7DNM_A_000252,252,5,336,0.01488095238095238,field7_fixed
7DP4_A_000532,532,9,287,0.0313588850174216,field7_fixed
7DPX_A_000760,760,3,103,0.02912621359223301,field7_fixed
7DWQ_F_000034,34,3,103,0.02912621359223301,field7_fixed
7E4G_A_000496,496,11,199,0.05527638190954774,field7_fixed
7E8P_D_000019,19,5,482,0.01037344398340249,field7_fixed
7EME_A_000157,157,23,413,0.05569007263922518,field7_fixed
7F06_A_000587,587,11,181,0.06077348066298342,field7_fixed
7F3W_D_000326,326,19,440,0.04318181818181818,field7_fixed
7FF0_A_000684,684,10,206,0.04854368932038835,field7_fixed
7JIL_v_000394,394,21,80,0.2625,field7_fixed
7K0A_A_000453,453,8,196,0.04081632653061224,field7_fixed
7K7T_A_000422,422,4,390,0.010256410256410256,field7_fixed
7KL6_A_000202,202,8,147,0.05442176870748299,field7_fixed
7L5A_A_000381,381,16,477,0.033542976939203356,field7_fixed
7L72_A_000077,77,7,113,0.061946902654867256,field7_fixed
7L7Y_AAA_000298,298,6,217,0.027649769585253458,field7_fixed
7LBV_A_000348,348,10,380,0.02631578947368421,field7_fixed
7LEP_G_000521,521,5,164,0.03048780487804878,field7_fixed
7M3Y_B_000751,751,6,109,0.05504587155963303,field7_fixed
7M4V_R_000105,105,27,109,0.24770642201834864,field7_fixed
7MCB_H_000156,156,4,380,0.010526315789473684,field7_fixed
7N63_A_000093,93,14,362,0.03867403314917127,field7_fixed
7NE2_D_000788,788,10,292,0.03424657534246575,field7_fixed
7NE6_A_000226,226,14,418,0.03349282296650718,field7_fixed
7ODY_C_000145,145,7,100,0.07,field7_fixed
7OE2_A_000450,450,10,266,0.03759398496240601,field7_fixed
7OG7_A_000234,234,3,134,0.022388059701492536,field7_fixed
7OK6_AAA_000380,380,13,170,0.07647058823529412,field7_fixed
7OLN_AAA_000285,285,2,134,0.014925373134328358,field7_fixed
7OUF_E_000239,239,21,278,0.07553956834532374,field7_fixed
7OVA_DDD_000119,119,2,231,0.008658008658008658,field7_fixed
7OZA_CCC_000634,634,8,488,0.01639344262295082,field7_fixed
7PO6_B_000471,471,15,166,0.09036144578313253,field7_fixed
7Q03_A_000810,810,13,328,0.039634146341463415,field7_fixed
7Q6N_D_000720,720,13,204,0.06372549019607843,field7_fixed
7QIW_a_000241,241,37,132,0.2803030303030303,field7_fixed
7QPI_A_000727,727,5,238,0.02100840336134454,field7_fixed
7QWJ_A_000386,386,4,298,0.013422818791946308,field7_fixed
7R1K_A_000755,755,4,181,0.022099447513812154,field7_fixed
7R49_B_000470,470,7,121,0.05785123966942149,field7_fixed
7S3D_F_000275,275,3,124,0.024193548387096774,field7_fixed
7S6C_C_000489,489,9,480,0.01875,field7_fixed
7SBA_H_000218,218,5,238,0.02100840336134454,field7_fixed
7SEH_B_000232,232,14,443,0.03160270880361174,field7_fixed
7SGL_D_000250,250,16,406,0.03940886699507389,field7_fixed
7SH5_B_000215,215,20,399,0.05012531328320802,field7_fixed
7SK8_A_000147,147,2,306,0.006535947712418301,field7_fixed
7SKK_D_000074,74,6,181,0.03314917127071823,field7_fixed
7T1J_B_000305,305,2,457,0.00437636761487965,field7_fixed
7T1W_H2_000673,673,6,217,0.027649769585253458,field7_fixed
7T7N_B_000398,398,4,440,0.00909090909090909,field7_fixed
7UMW_B_000365,365,17,260,0.06538461538461539,field7_fixed
7V58_B_000742,742,2,401,0.004987531172069825,field7_fixed
7V62_A_000350,350,7,390,0.017948717948717947,field7_fixed
7VL9_R_000170,170,3,302,0.009933774834437087,field7_fixed
7VPB_A_000645,645,5,270,0.018518518518518517,field7_fixed
7W74_A_000146,146,11,226,0.048672566371681415,field7_fixed
7W8F_A_000695,695,7,278,0.025179856115107913,field7_fixed
7WH1_A_000614,614,4,499,0.008016032064128256,field7_fixed
7WNN_B_000036,36,15,290,0.05172413793103448,field7_fixed
7WX5_A_000535,535,14,288,0.04861111111111111,field7_fixed
7X73_A_000681,681,4,274,0.014598540145985401,field7_fixed
7XB8_B_000743,743,8,248,0.03225806451612903,field7_fixed
7XBL_B_000642,642,5,136,0.03676470588235294,field7_fixed
7XPO_A_000505,505,20,344,0.05813953488372093,field7_fixed
7XXH_R_000561,561,8,301,0.026578073089700997,field7_fixed
7Y74_I_000408,408,3,173,0.017341040462427744,field7_fixed
7YCA_3_000759,759,5,227,0.022026431718061675,field7_fixed
7YCA_G_000783,783,2,95,0.021052631578947368,field7_fixed
7YSH_D_000116,116,4,213,0.018779342723004695,field7_fixed
7Z15_I_000355,355,9,253,0.03557312252964427,field7_fixed
7ZM7_E_000004,4,18,353,0.05099150141643059,field7_fixed
7ZQ3_R_000622,622,12,340,0.03529411764705882,field7_fixed
7ZQ9_4_000377,377,5,212,0.02358490566037736,field7_fixed
7ZUB_D_000378,378,10,157,0.06369426751592357,field7_fixed
8A1Y_F_000238,238,12,408,0.029411764705882353,field7_fixed
8A5E_C_000570,570,7,156,0.04487179487179487,field7_fixed
8A5Q_W_000149,149,11,433,0.025404157043879907,field7_fixed
8ABS_A_000504,504,16,394,0.04060913705583756,field7_fixed
8AEI_A_000628,628,4,152,0.02631578947368421,field7_fixed
8AGQ_A_000770,770,7,213,0.03286384976525822,field7_fixed
8AI2_B_000832,832,13,324,0.040123456790123455,field7_fixed
8AJI_A_000559,559,7,348,0.020114942528735632,field7_fixed
8AJX_A_000745,745,9,240,0.0375,field7_fixed
8ANP_B_000138,138,3,454,0.006607929515418502,field7_fixed
8AP6_E_000012,12,2,383,0.005221932114882507,field7_fixed
8ASN_G_000749,749,13,346,0.03757225433526012,field7_fixed
8AXP_A_000527,527,4,191,0.020942408376963352,field7_fixed
8B01_B_000214,214,7,427,0.01639344262295082,field7_fixed
8B34_A_000514,514,27,318,0.08490566037735849,field7_fixed
8B4N_AAA_000282,282,13,164,0.07926829268292683,field7_fixed
8B9Z_B_000302,302,6,182,0.03296703296703297,field7_fixed
8BEF_O_000286,286,4,123,0.032520325203252036,field7_fixed
8BPX_M_000539,539,6,494,0.012145748987854251,field7_fixed
8BRP_A_000011,11,4,305,0.013114754098360656,field7_fixed
8CSZ_D_000508,508,90,494,0.18218623481781376,field7_fixed
8CWR_B_000738,738,2,109,0.01834862385321101,field7_fixed
8D0B_B_000598,598,2,362,0.0055248618784530384,field7_fixed
8D4I_A_000795,795,3,462,0.006493506493506494,field7_fixed
8DQ5_B_000717,717,3,265,0.011320754716981131,field7_fixed
8DTP_B_000730,730,3,432,0.006944444444444444,field7_fixed
8DX0_B_000283,283,3,139,0.02158273381294964,field7_fixed
8E5H_A_000020,20,11,368,0.029891304347826088,field7_fixed
8EQM_V_000375,375,11,131,0.08396946564885496,field7_fixed
8ESQ_o_000580,580,38,137,0.2773722627737226,field7_fixed
8FKB_A_000484,484,3,424,0.007075471698113208,field7_fixed
8FKT_SY_000465,465,17,378,0.04497354497354497,field7_fixed
8G6E_L_000161,161,8,211,0.037914691943127965,field7_fixed
8G96_A_000233,233,5,407,0.012285012285012284,field7_fixed
8GLV_OD_000197,197,8,370,0.021621621621621623,field7_fixed
8HIC_A_000525,525,6,395,0.015189873417721518,field7_fixed
8HW1_A_000834,834,4,241,0.016597510373443983,field7_fixed
8HZV_A_000338,338,7,479,0.014613778705636743,field7_fixed
8I6I_A_000605,605,23,448,0.05133928571428571,field7_fixed
8ITA_A_000576,576,8,429,0.018648018648018648,field7_fixed
8IVP_B_000796,796,6,322,0.018633540372670808,field7_fixed
8J6N_A_000731,731,13,390,0.03333333333333333,field7_fixed
8JH0_B_000314,314,9,265,0.033962264150943396,field7_fixed
8JW0_L_000296,296,5,185,0.02702702702702703,field7_fixed
8JW0_i_000158,158,3,126,0.023809523809523808,field7_fixed
8JWM_B_000052,52,20,331,0.06042296072507553,field7_fixed
8JWZ_A_000084,84,16,450,0.035555555555555556,field7_fixed
8K8L_A_000703,703,3,231,0.012987012987012988,field7_fixed
8OH8_BBB_000155,155,3,303,0.009900990099009901,field7_fixed
8OIE_C_000101,101,8,456,0.017543859649122806,field7_fixed
8OM2_2_000280,280,22,102,0.21568627450980393,field7_fixed
8OWM_C_000700,700,15,413,0.03631961259079903,field7_fixed
8OYF_A_000769,769,6,310,0.01935483870967742,field7_fixed
8OZ1_A_000435,435,2,373,0.005361930294906166,field7_fixed
8P0J_I_000256,256,5,276,0.018115942028985508,field7_fixed
8P7E_A_000384,384,4,309,0.012944983818770227,field7_fixed
8PZ4_A_000096,96,4,466,0.008583690987124463,field7_fixed
8Q6O_F_000526,526,2,275,0.007272727272727273,field7_fixed
8Q7N_I_000122,122,2,184,0.010869565217391304,field7_fixed
8QC8_D_000142,142,18,339,0.05309734513274336,field7_fixed
8R0N_A_000835,835,9,283,0.03180212014134275,field7_fixed
8R4F_B_000104,104,3,473,0.006342494714587738,field7_fixed
8R6F_V_000734,734,3,81,0.037037037037037035,field7_fixed
8R6O_F_000807,807,13,314,0.041401273885350316,field7_fixed
8RDV_GS_000341,341,20,153,0.13071895424836602,field7_fixed
8RGQ_P_000243,243,14,314,0.044585987261146494,field7_fixed
8RIP_A_000343,343,16,311,0.05144694533762058,field7_fixed
8RIX_A_000014,14,11,295,0.03728813559322034,field7_fixed
8RVU_F_000195,195,6,129,0.046511627906976744,field7_fixed
8RYI_E_000729,729,4,361,0.0110803324099723,field7_fixed
8S1J_B_000478,478,12,302,0.039735099337748346,field7_fixed
8S4K_H_000222,222,4,198,0.020202020202020204,field7_fixed
8S4T_A_000461,461,10,136,0.07352941176470588,field7_fixed
8SM8_J_000067,67,5,345,0.014492753623188406,field7_fixed
8SSN_B_000565,565,8,386,0.02072538860103627,field7_fixed
8T5J_A_000057,57,3,154,0.01948051948051948,field7_fixed
8TDE_A_000213,213,7,256,0.02734375,field7_fixed
8TDF_A_000164,164,19,452,0.0420353982300885,field7_fixed
8TLK_A_000411,411,14,105,0.13333333333333333,field7_fixed
8TWF_C_000129,129,18,385,0.046753246753246755,field7_fixed
8U41_B_000379,379,3,452,0.00663716814159292,field7_fixed
8U94_A_000206,206,9,201,0.04477611940298507,field7_fixed
8U9A_A_000329,329,9,220,0.04090909090909091,field7_fixed
8UA7_H_000492,492,3,101,0.0297029702970297,field7_fixed
8UCJ_b_000818,818,4,236,0.01694915254237288,field7_fixed
8UDB_A_000033,33,5,223,0.02242152466367713,field7_fixed
8US8_H_000221,221,7,207,0.033816425120772944,field7_fixed
8UVZ_A_000618,618,20,160,0.125,field7_fixed
8V1Q_B_000610,610,5,270,0.018518518518518517,field7_fixed
8VHH_A_000087,87,11,389,0.028277634961439587,field7_fixed
8VL7_C_000589,589,9,224,0.04017857142857143,field7_fixed
8VYS_A_000600,600,11,311,0.03536977491961415,field7_fixed
8W7R_A_000330,330,11,229,0.048034934497816595,field7_fixed
8WGH_K_000026,26,2,83,0.024096385542168676,field7_fixed
8WGH_O_000383,383,2,89,0.02247191011235955,field7_fixed
8WM6_L_000426,426,2,151,0.013245033112582781,field7_fixed
8WM6_m_000463,463,5,174,0.028735632183908046,field7_fixed
8WQL_UD_000607,607,2,95,0.021052631578947368,field7_fixed
8XC9_A_000636,636,2,460,0.004347826086956522,field7_fixed
8XD5_A_000331,331,18,419,0.04295942720763723,field7_fixed
8XHA_A_000669,669,10,401,0.02493765586034913,field7_fixed
8XJ7_E_000349,349,2,364,0.005494505494505495,field7_fixed
8XLS_3_000417,417,2,164,0.012195121951219513,field7_fixed
8Y00_A_000044,44,5,197,0.025380710659898477,field7_fixed
8Y02_R_000267,267,10,258,0.03875968992248062,field7_fixed
8Y1Q_A_000035,35,6,140,0.04285714285714286,field7_fixed
8Y58_A_000166,166,9,182,0.04945054945054945,field7_fixed
8YH0_R_000670,670,9,271,0.033210332103321034,field7_fixed
8YHX_R_000479,479,17,390,0.04358974358974359,field7_fixed
8YP3_A_000761,761,15,471,0.03184713375796178,field7_fixed
8Z11_R_000327,327,2,175,0.011428571428571429,field7_fixed
8ZFK_D_000552,552,5,412,0.012135922330097087,field7_fixed
8ZK2_M_000091,91,6,287,0.020905923344947737,field7_fixed
8ZMX_C_000553,553,17,279,0.06093189964157706,field7_fixed
9AXO_H_000412,412,3,214,0.014018691588785047,field7_fixed
9B1W_m_000151,151,39,124,0.31451612903225806,field7_fixed
9BCB_A_000704,704,12,137,0.08759124087591241,field7_fixed
9BP5_C_000721,721,7,155,0.04516129032258064,field7_fixed
9BZQ_A_000519,519,9,271,0.033210332103321034,field7_fixed
9C6R_B_000078,78,8,430,0.018604651162790697,field7_fixed
9CRA_D_000100,100,3,314,0.009554140127388535,field7_fixed
9D2H_A_000167,167,19,482,0.03941908713692946,field7_fixed
9E90_A_000518,518,6,483,0.012422360248447204,field7_fixed
9E97_A_000062,62,12,344,0.03488372093023256,field7_fixed
9EGR_A_000829,829,2,189,0.010582010582010581,field7_fixed
9EH5_A_000630,630,7,334,0.020958083832335328,field7_fixed
9EMC_F_000817,817,2,337,0.005934718100890208,field7_fixed
9EPC_N_000658,658,6,226,0.02654867256637168,field7_fixed
9ETB_B_000107,107,2,268,0.007462686567164179,field7_fixed
9EYO_A_000604,604,2,182,0.01098901098901099,field7_fixed
9EZA_D_000139,139,5,204,0.024509803921568627,field7_fixed
9F7G_A_000599,599,12,205,0.05853658536585366,field7_fixed
9F7K_A_000231,231,8,222,0.036036036036036036,field7_fixed
9FAW_C_000191,191,3,356,0.008426966292134831,field7_fixed
9FEK_G_000690,690,5,377,0.013262599469496022,field7_fixed
9FHL_K_000701,701,37,133,0.2781954887218045,field7_fixed
9FKK_A_000671,671,4,330,0.012121212121212121,field7_fixed
9FRC_A_000237,237,11,384,0.028645833333333332,field7_fixed
9G9V_A_000301,301,3,261,0.011494252873563218,field7_fixed
9GBW_D_000356,356,7,221,0.03167420814479638,field7_fixed
9GC8_A_000477,477,6,229,0.026200873362445413,field7_fixed
9GD4_D_000575,575,2,294,0.006802721088435374,field7_fixed
9HFS_A_000480,480,4,393,0.010178117048346057,field7_fixed
9HJS_A_000554,554,17,294,0.05782312925170068,field7_fixed
9HQV_Bp_000048,48,2,221,0.00904977375565611,field7_fixed
9IS4_r_000438,438,2,160,0.0125,field7_fixed
9IZD_A_000117,117,5,279,0.017921146953405017,field7_fixed
9J9H_AH_000268,268,26,165,0.15757575757575756,field7_fixed
9K0B_A_000792,792,8,289,0.02768166089965398,field7_fixed
9KW0_A_000765,765,8,322,0.024844720496894408,field7_fixed
9LIA_B_000056,56,3,378,0.007936507936507936,field7_fixed
9M2Y_A_000058,58,4,127,0.031496062992125984,field7_fixed
9MQX_A_000647,647,7,247,0.02834008097165992,field7_fixed
9MQX_C_000368,368,10,159,0.06289308176100629,field7_fixed
9NEZ_B_000548,548,7,343,0.02040816326530612,field7_fixed
9NT6_B_000694,694,4,277,0.01444043321299639,field7_fixed
9R22_A_000102,102,9,230,0.0391304347826087,field7_fixed
